<?xml version="1.0"?>
<cloudbees-web-app xmlns="http://www.cloudbees.com/xml/webapp/1">
    <appid>roobees</appid>
    <context-param>
        <param-name>application.environment</param-name>
        <param-value>prod</param-value>
    </context-param>

    <resource name="jdbc/gadmysql" auth="Container" type="javax.sql.DataSource">
        <param name="username" value="gadmysql"/>
        <param name="password" value="gadmysql"/>
        <param name="url" value="jdbc:cloudbees://gadmysql"/>
        <!-- Connection Pool settings -->
        <param name="maxActive" value="5"/>
        <param name="maxIdle" value="2"/>
        <param name="maxWait" value="10000"/>
        <param name="removeAbandoned" value="true"/>
        <param name="removeAbandonedTimeout" value="60"/>
        <param name="logAbandoned" value="true"/>

        <!-- Purge invalid connections -->
        <param name="validationQuery" value="SELECT 1"/>
        <param name="testOnBorrow" value="true"/>
    </resource>
</cloudbees-web-app>
