<?xml version="1.0" encoding="UTF-8"?>
<configuration debug="true" scan="true" scanPeriod="5 seconds">
    <!--<jmxConfigurator />-->

    <contextListener class="ch.qos.logback.classic.jul.LevelChangePropagator">
        <resetJUL>true</resetJUL>
    </contextListener>

    <appender name="console" class="ch.qos.logback.core.ConsoleAppender">
        <encoder class="ch.qos.logback.classic.encoder.PatternLayoutEncoder">
            <pattern>%-5level %logger{0} - %msg%n</pattern>
        </encoder>
    </appender>

    <logger name="com.gordondickens" level="debug"/>
    <!--<logger name="org.springframework.orm" level="warn"/>-->
    <!--<logger name="org.springframework.jdbc" level="debug"/>-->
    <!--<logger name="org.springframework.transaction" level="debug"/>-->
    <!--<logger name="net.sf.ehcache" level="debug"/>-->
    <!--<logger name="org.hibernate" level="info"/>-->
    <!--<logger name="org.hibernate.ejb" level="debug"/>-->
    <logger name="org.hibernate.sql" level="debug"/>
    <!--<logger name="org.hibernate.cache" level="debug"/>-->
    <!--<logger name="org.hibernate.type" level="debug"/>-->
    <logger name="org.hibernate.tool.hbm2ddl" level="debug"/>
    <logger name="org.springframework.web" level="debug"/>
    <logger name="org.mortbay.log" level="warn"/>
    <logger name="com.mysql" level="debug"/>


    <root level="warn">
        <appender-ref ref="console"/>
    </root>
</configuration>